shape,5d,10d,20d
0.0,77.3,71.0,64.4
0.1,54.50000000000001,45.2,31.0
0.2,44.7,33.6,22.400000000000002
1,80.60000000000001,75.1,68.7
2,56.699999999999996,47.8,35.199999999999996
