final_shape,0.0,0.1,0.2,1,2
0.0,71.0,12.1,9.9,3.8,3.2
0.1,37.5,45.2,2.5,3.5000000000000004,11.4
0.2,31.2,2.7,33.6,25.4,7.1
1,3.5000000000000004,2.7,3.3000000000000003,75.1,15.4
2,5.0,19.400000000000002,2.8000000000000003,25.0,47.8
