final_shape,0.0,0.1,0.2,1,2
0.0,64.4,12.0,11.899999999999999,7.5,4.1000000000000005
0.1,44.3,31.0,3.5000000000000004,4.6,16.6
0.2,31.900000000000002,5.800000000000001,22.400000000000002,33.2,6.800000000000001
1,3.4000000000000004,5.8999999999999995,3.5000000000000004,68.7,18.4
2,11.600000000000001,25.8,2.4,25.0,35.199999999999996
